subject,body,attachment_folder_path,setting_email,setting_password
Active Pharmaceutical Ingredients Market - Global Market Analysis and Forecast (2019 - 2026),"<table id=""bodyTable"" style=""table-layout: fixed; background-color: #f9f9f9;"" border=""0"" width=""100%"" cellspacing=""0"" cellpadding=""0"">
<tbody>
<tr>
<td id=""bodyCell"" style=""padding-right: 10px; padding-left: 10px;"" align=""center"" valign=""top"">
<table class=""wrapperWebview"" style=""max-width: 600px;"" border=""0"" width=""100%"" cellspacing=""0"" cellpadding=""0"">
<tbody>
<tr>
<td align=""center"" valign=""top"">
<table border=""0"" width=""100%"" cellspacing=""0"" cellpadding=""0"">
<tbody>
<tr>
<td class=""webview"" style=""padding-top: 20px; padding-bottom: 20px; padding-right: 0px;"" align=""right"" valign=""middle""><a class=""text hideOnMobile"" style=""color: #bbb; font-family: 'Open Sans',Helvetica,Arial,sans-serif; font-size: 12px; font-weight: 400; font-style: normal; letter-spacing: normal; line-height: 20px; text-transform: none; text-align: right; text-decoration: underline; padding: 0; margin: 0;"" href=""https://www.dhirtekbusinessresearch.com/"" target=""_blank"">For More Click here &rarr;</a></td>
</tr>
</tbody>
</table>
</td>
</tr>
</tbody>
</table>
<table class=""wrapperBody"" style=""max-width: 600px;"" border=""0"" width=""100%"" cellspacing=""0"" cellpadding=""0"">
<tbody>
<tr>
<td align=""center"" valign=""top"">
<table class=""tableCard"" style=""background-color: #fff; border-color: #e5e5e5; border-style: solid; border-width: 0 1px 1px 1px;"" border=""0"" width=""100%"" cellspacing=""0"" cellpadding=""0"">
<tbody>
<tr>
<td class=""topBorder"" style=""background-color: #012f5c; font-size: 1px; line-height: 3px;"" height=""3"">&nbsp;</td>
</tr>
<tr>
<td style=""padding-top: 25px; padding-bottom: 20px;"" align=""center"" valign=""middle"">&nbsp;</td>
</tr>
<tr>
<td class=""mainTitle"" style=""padding-bottom: 5px; padding-left: 20px; padding-right: 20px;"" align=""center"" valign=""top"">
<h2 class=""text"" style=""color: #000; font-family: Poppins,Helvetica,Arial,sans-serif; font-size: 28px; font-weight: 500; font-style: normal; letter-spacing: normal; line-height: 36px; text-transform: none; text-align: center; padding: 0; margin: 0;""><a class=""navbar-brand"" href=""https://www.dhirtekbusinessresearch.com/""><img src=""https://www.dhirtekbusinessresearch.com/assets//images/logo/logo.png"" alt=""Dhirtek Business Research and Consulting Private Limited"" /></a></h2>
</td>
</tr>
<tr>
<td class=""subTitle"" style=""padding-bottom: 30px; padding-left: 20px; padding-right: 20px;"" align=""center"" valign=""top"">
<h4 class=""text"" style=""color: #000; font-family: Poppins,Helvetica,Arial,sans-serif; font-size: 20px; font-weight: 500; font-style: normal; letter-spacing: normal; line-height: 24px; text-transform: none; text-align: center; padding: 0; margin: 0;"">Active Pharmaceutical Ingredients Market - Global Market Analysis and Forecast (2019 - 2026)</h4>
</td>
</tr>
<tr>
<td class=""containtTable ui-sortable"" style=""padding-left: 20px; padding-right: 20px;"" align=""center"" valign=""top"">
<table class=""tableDescription"" border=""0"" width=""100%"" cellspacing=""0"" cellpadding=""0"">
<tbody>
<tr>
<td class=""description"" style=""padding-bottom: 20px;"" align=""center"" valign=""top"">
<p class=""text"" style=""color: #000; font-family: 'Open Sans',Helvetica,Arial,sans-serif; font-size: 14px; font-weight: 400; font-style: normal; letter-spacing: normal; line-height: 22px; text-transform: none; text-align: left; padding: 0; margin: 0;"">Dear Wayne Bacon</p>
</td>
</tr>
</tbody>
</table>
</td>
</tr>
<tr>
<td class=""containtTable ui-sortable"" style=""padding-left: 20px; padding-right: 20px;"" align=""center"" valign=""top"">
<table class=""tableDescription"" border=""0"" width=""100%"" cellspacing=""0"" cellpadding=""0"">
<tbody>
<tr>
<td class=""description"" style=""padding-bottom: 20px;"" align=""center"" valign=""top"">
<p class=""text"" style=""color: #000; font-family: 'Open Sans',Helvetica,Arial,sans-serif; font-size: 14px; font-weight: 400; font-style: normal; letter-spacing: normal; line-height: 22px; text-transform: none; text-align: left; padding: 0; margin: 0;"">Greetings for the day!</p>
</td>
</tr>
</tbody>
</table>
</td>
</tr>
<tr>
<td class=""containtTable ui-sortable"" style=""padding-left: 20px; padding-right: 20px;"" align=""center"" valign=""top"">
<table class=""tableDescription"" border=""0"" width=""100%"" cellspacing=""0"" cellpadding=""0"">
<tbody>
<tr>
<td class=""description"" style=""padding-bottom: 20px;"" align=""center"" valign=""top"">
<p class=""text"" style=""color: #000; font-family: 'Open Sans',Helvetica,Arial,sans-serif; font-size: 14px; font-weight: 400; font-style: normal; letter-spacing: normal; line-height: 22px; text-transform: none; text-align: left; padding: 0; margin: 0;"">The global market for active pharmaceutical ingredients was valued at US$ 161.4 billion in 2020 and is forecast to reach US$ 223.6 billion by 2026, growing at a CAGR of 5.6% during the forecast period. The major vendors in the active pharmaceutical ingredients market include Pfizer Inc., Novartis International AG, Merck & Co., Teva Pharmaceutical Industries Ltd., Mylan N.V., Boehringer Ingelheim, F. Hoffmann-La Roche AG, Sanofi, AbbVie, Eli Lilly and Company, AstraZeneca, Bristol-Myers Squibb, and GlaxoSmithKline plc.</p>
</td>
</tr>
</tbody>
</table>
</td>
</tr>
<tr>
<td class=""mainTitle"" style=""padding-bottom: 5px; padding-left: 20px; padding-right: 20px;"" align=""center"" valign=""top"">
<h2 class=""text"" style=""color: #000; font-family: Poppins,Helvetica,Arial,sans-serif; font-size: 20px; font-weight: 500; font-style: normal; letter-spacing: normal; line-height: 36px; text-transform: none; text-align: center; padding: 0; margin: 0;"">Market Segmentation</h2>
</td>
</tr>
<tr>
<td class=""containtTable ui-sortable"" style=""padding-left: 20px; padding-right: 20px;"" align=""center"" valign=""top"">
<table class=""tableDescription"" border=""0"" width=""100%"" cellspacing=""0"" cellpadding=""0"">
<tbody>
<tr>
<td class=""description"" style=""padding-bottom: 20px;"" align=""center"" valign=""top"">
<p class=""text"" style=""color: #000; font-family: 'Open Sans',Helvetica,Arial,sans-serif; font-size: 14px; font-weight: 400; font-style: normal; letter-spacing: normal; line-height: 22px; text-transform: none; text-align: left; padding: 0; margin: 0;"">The active pharmaceutical ingredients market report provides a detailed study on the following segments:</p>
<ul style=""margin: 0; padding: 0 0 0 20px;"">
<li style=""color: #000; font-family: 'Open Sans',Helvetica,Arial,sans-serif; font-size: 14px; font-weight: 400; font-style: normal; letter-spacing: normal; line-height: 22px; text-transform: none; text-align: left; padding: 0; margin: 0;"">In terms of manufacturer, the market is categorized into captive, merchant and CMO</li>
<li style=""color: #000; font-family: 'Open Sans',Helvetica,Arial,sans-serif; font-size: 14px; font-weight: 400; font-style: normal; letter-spacing: normal; line-height: 22px; text-transform: none; text-align: left; padding: 0; margin: 0;"">The market by end-user is segmented into clinical trial and commercial.</li>
</ul>
</td>
</tr>
</tbody>
</table>
</td>
</tr>
<tr>
<td class=""mainTitle"" style=""padding-bottom: 5px; padding-left: 20px; padding-right: 20px;"" align=""center"" valign=""top"">
<h2 class=""text"" style=""color: #000; font-family: Poppins,Helvetica,Arial,sans-serif; font-size: 20px; font-weight: 500; font-style: normal; letter-spacing: normal; line-height: 36px; text-transform: none; text-align: center; padding: 0; margin: 0;"">Regions Covered in the Global Active Pharmaceutical Ingredients Market:</h2>
</td>
</tr>
<tr>
<td class=""containtTable ui-sortable"" style=""padding-left: 20px; padding-right: 20px;"" align=""center"" valign=""top"">
<table class=""tableDescription"" border=""0"" width=""100%"" cellspacing=""0"" cellpadding=""0"">
<tbody>
<tr>
<td class=""description"" style=""padding-bottom: 20px;"" align=""center"" valign=""top"">
<ul style=""margin: 0; padding: 0 0 0 20px;"">
<li style=""color: #000; font-family: 'Open Sans',Helvetica,Arial,sans-serif; font-size: 14px; font-weight: 400; font-style: normal; letter-spacing: normal; line-height: 22px; text-transform: none; text-align: left; padding: 0; margin: 0;"">North America
<ul style=""margin: 0; padding: 0 0 0 20px;"">
<li style=""color: #000; font-family: 'Open Sans',Helvetica,Arial,sans-serif; font-size: 14px; font-weight: 400; font-style: normal; letter-spacing: normal; line-height: 22px; text-transform: none; text-align: left; padding: 0; margin: 0;"">The U.S.</li>
<li style=""color: #000; font-family: 'Open Sans',Helvetica,Arial,sans-serif; font-size: 14px; font-weight: 400; font-style: normal; letter-spacing: normal; line-height: 22px; text-transform: none; text-align: left; padding: 0; margin: 0;"">Canada</li>
</ul>
</li>
<li style=""color: #000; font-family: 'Open Sans',Helvetica,Arial,sans-serif; font-size: 14px; font-weight: 400; font-style: normal; letter-spacing: normal; line-height: 22px; text-transform: none; text-align: left; padding: 0; margin: 0;"">Europe
<ul style=""margin: 0; padding: 0 0 0 20px;"">
<li style=""color: #000; font-family: 'Open Sans',Helvetica,Arial,sans-serif; font-size: 14px; font-weight: 400; font-style: normal; letter-spacing: normal; line-height: 22px; text-transform: none; text-align: left; padding: 0; margin: 0;"">Germany</li>
<li style=""color: #000; font-family: 'Open Sans',Helvetica,Arial,sans-serif; font-size: 14px; font-weight: 400; font-style: normal; letter-spacing: normal; line-height: 22px; text-transform: none; text-align: left; padding: 0; margin: 0;"">The U.K.</li>
<li style=""color: #000; font-family: 'Open Sans',Helvetica,Arial,sans-serif; font-size: 14px; font-weight: 400; font-style: normal; letter-spacing: normal; line-height: 22px; text-transform: none; text-align: left; padding: 0; margin: 0;"">France</li>
<li style=""color: #000; font-family: 'Open Sans',Helvetica,Arial,sans-serif; font-size: 14px; font-weight: 400; font-style: normal; letter-spacing: normal; line-height: 22px; text-transform: none; text-align: left; padding: 0; margin: 0;"">Italy</li>
<li style=""color: #000; font-family: 'Open Sans',Helvetica,Arial,sans-serif; font-size: 14px; font-weight: 400; font-style: normal; letter-spacing: normal; line-height: 22px; text-transform: none; text-align: left; padding: 0; margin: 0;"">Spain</li>
<li style=""color: #000; font-family: 'Open Sans',Helvetica,Arial,sans-serif; font-size: 14px; font-weight: 400; font-style: normal; letter-spacing: normal; line-height: 22px; text-transform: none; text-align: left; padding: 0; margin: 0;"">Russia</li>
<li style=""color: #000; font-family: 'Open Sans',Helvetica,Arial,sans-serif; font-size: 14px; font-weight: 400; font-style: normal; letter-spacing: normal; line-height: 22px; text-transform: none; text-align: left; padding: 0; margin: 0;"">Rest of Europe</li>
</ul>
</li>
<li style=""color: #000; font-family: 'Open Sans',Helvetica,Arial,sans-serif; font-size: 14px; font-weight: 400; font-style: normal; letter-spacing: normal; line-height: 22px; text-transform: none; text-align: left; padding: 0; margin: 0;"">Asia Pacific
<ul style=""margin: 0; padding: 0 0 0 20px;"">
<li style=""color: #000; font-family: 'Open Sans',Helvetica,Arial,sans-serif; font-size: 14px; font-weight: 400; font-style: normal; letter-spacing: normal; line-height: 22px; text-transform: none; text-align: left; padding: 0; margin: 0;"">China</li>
<li style=""color: #000; font-family: 'Open Sans',Helvetica,Arial,sans-serif; font-size: 14px; font-weight: 400; font-style: normal; letter-spacing: normal; line-height: 22px; text-transform: none; text-align: left; padding: 0; margin: 0;"">India</li>
<li style=""color: #000; font-family: 'Open Sans',Helvetica,Arial,sans-serif; font-size: 14px; font-weight: 400; font-style: normal; letter-spacing: normal; line-height: 22px; text-transform: none; text-align: left; padding: 0; margin: 0;"">Japan</li>
<li style=""color: #000; font-family: 'Open Sans',Helvetica,Arial,sans-serif; font-size: 14px; font-weight: 400; font-style: normal; letter-spacing: normal; line-height: 22px; text-transform: none; text-align: left; padding: 0; margin: 0;"">Rest of Asia Pacific</li>
</ul>
</li>
<li style=""color: #000; font-family: 'Open Sans',Helvetica,Arial,sans-serif; font-size: 14px; font-weight: 400; font-style: normal; letter-spacing: normal; line-height: 22px; text-transform: none; text-align: left; padding: 0; margin: 0;"">Rest of the World
<ul style=""margin: 0; padding: 0 0 0 20px;"">
<li style=""color: #000; font-family: 'Open Sans',Helvetica,Arial,sans-serif; font-size: 14px; font-weight: 400; font-style: normal; letter-spacing: normal; line-height: 22px; text-transform: none; text-align: left; padding: 0; margin: 0;"">The Middle East &amp; Africa</li>
<li style=""color: #000; font-family: 'Open Sans',Helvetica,Arial,sans-serif; font-size: 14px; font-weight: 400; font-style: normal; letter-spacing: normal; line-height: 22px; text-transform: none; text-align: left; padding: 0; margin: 0;"">Latin America</li>
</ul>
</li>
</ul>
</td>
</tr>
</tbody>
</table>
</td>
</tr>
<tr>
<td class=""mainTitle"" style=""padding-bottom: 5px; padding-left: 20px; padding-right: 20px;"" align=""center"" valign=""top"">
<h2 class=""text"" style=""color: #000; font-family: Poppins,Helvetica,Arial,sans-serif; font-size: 20px; font-weight: 500; font-style: normal; letter-spacing: normal; line-height: 36px; text-transform: none; text-align: center; padding: 0; margin: 0;"">For Detailed Sample Report</h2>
</td>
</tr>
<tr>
<td class=""containtTable ui-sortable"" style=""padding-left: 20px; padding-right: 20px;"" align=""center"" valign=""top"">
<table class=""tableButton"" border=""0"" width=""100%"" cellspacing=""0"" cellpadding=""0"">
<tbody>
<tr>
<td style=""padding-top: 20px; padding-bottom: 20px;"" align=""center"" valign=""top"">
<table border=""0"" cellspacing=""0"" cellpadding=""0"" align=""center"">
<tbody>
<tr>
<td class=""ctaButton"" style=""background-color: #012f5c; padding: 12px 35px; border-radius: 50px;"" align=""center""><a class=""text"" style=""color: #fff; font-family: Poppins,Helvetica,Arial,sans-serif; font-size: 13px; font-weight: 600; font-style: normal; letter-spacing: 1px; line-height: 20px; text-transform: uppercase; text-decoration: none; display: block;"" href=""https://www.dhirtekbusinessresearch.com/market-report/Active-Pharmaceutical-Ingredients-Market/request-for-sample-report"" target=""_blank"">Click here</a></td>
</tr>
</tbody>
</table>
</td>
</tr>
</tbody>
</table>
</td>
</tr>
<tr>
<td class=""mainTitle"" style=""padding-bottom: 5px; padding-left: 20px; padding-right: 20px;"" align=""center"" valign=""top"">
<h2 class=""text"" style=""color: #000; font-family: Poppins,Helvetica,Arial,sans-serif; font-size: 20px; font-weight: 500; font-style: normal; letter-spacing: normal; line-height: 36px; text-transform: none; text-align: center; padding: 0; margin: 0;"">About Dhirtek Business Research &amp; Consulting</h2>
</td>
</tr>
<tr>
<td class=""containtTable ui-sortable"" style=""padding-left: 20px; padding-right: 20px;"" align=""center"" valign=""top"">
<table class=""tableDescription"" border=""0"" width=""100%"" cellspacing=""0"" cellpadding=""0"">
<tbody>
<tr>
<td class=""description"" style=""padding-bottom: 20px;"" align=""center"" valign=""top"">
<p class=""text"" style=""color: #000; font-family: 'Open Sans',Helvetica,Arial,sans-serif; font-size: 14px; font-weight: 400; font-style: normal; letter-spacing: normal; line-height: 22px; text-transform: none; text-align: left; padding: 0; margin: 0;"">Dhirtek Business Research &amp; Consulting Pvt Ltd is a global market research and consulting services provider headquartered in India. We offer syndicated research reports, customized research reports, and consulting services to our customers. Our objective is to enable our clientele to achieve transformational progress and help them to make better strategic business decisions and enhance their global presence.</p>
<p class=""text"" style=""color: #000; font-family: 'Open Sans',Helvetica,Arial,sans-serif; font-size: 14px; font-weight: 400; font-style: normal; letter-spacing: normal; line-height: 22px; text-transform: none; text-align: left; padding: 0; margin: 0;"">We serve numerous companies around the world, mobilizing our seasoned workforce to help companies shape their development through proper channeling and execution. We offer our services to large enterprises, start-ups, non-profit organizations, universities, and government agencies. The renowned institutions of various countries and Fortune 500 businesses use our market research services to understand the business environment at the global, regional, and country levels. Our market research reports offer thousands of statistical information and analysis of various industries at a granular level.</p>
<br />
<p class=""text"" style=""color: #000; font-family: 'Open Sans',Helvetica,Arial,sans-serif; font-size: 14px; font-weight: 400; font-style: normal; letter-spacing: normal; line-height: 22px; text-transform: none; text-align: left; padding: 0; margin: 0;"">Contact:<br /> Ms. Pooja Kaur<br /> Dhirtek Business Research &amp; Consulting Pvt. Ltd.<br /> Office No. 207, 2nd Floor, Navrang Plaza,<br /> Sapna Sangeeta Road, Indore, MP, India, 452001<br /> India : +91 7580990088<br /> Follow on <a style=""text-decoration: none;"" href=""https://www.linkedin.com/company/dhirtekbusinessresearch/?viewAsMember=true"" target=""_blank"">Linked In,</a> <a style=""text-decoration: none;"" href=""https://www.facebook.com/DhirtekBusinessResearch"" target=""_blank"">Facebook</a></p>
</td>
</tr>
</tbody>
</table>
</td>
</tr>
<tr>
<td style=""font-size: 1px; line-height: 1px;"" height=""20"">&nbsp;</td>
</tr>
<tr>
<td class=""emailRegards"" style=""padding-bottom: 40px;"" align=""center"" valign=""middle""><!-- Image and Link // --> <a style=""text-decoration: none;"" href=""https://www.dhirtekbusinessresearch.com/"" target=""_blank""> <img style=""width: 100%; max-width: 150px; height: auto; display: block;"" src=""https://www.dhirtekbusinessresearch.com/assets//images/logo/logo.png"" alt="""" width=""150"" border=""0"" /> </a></td>
</tr>
</tbody>
</table>
</td>
</tr>
</tbody>
</table>
<table class=""wrapperFooter"" style=""max-width: 600px;"" border=""0"" width=""100%"" cellspacing=""0"" cellpadding=""0"">
<tbody>
<tr>
<td align=""center"" valign=""top"">
<table class=""footer"" border=""0"" width=""100%"" cellspacing=""0"" cellpadding=""0"">
<tbody>
<tr>
<td class=""brandInfo"" style=""padding: 10px 10px 5px;"" align=""center"" valign=""top"">
<p class=""text"" style=""color: #bbb; font-family: 'Open Sans',Helvetica,Arial,sans-serif; font-size: 12px; font-weight: 400; font-style: normal; letter-spacing: normal; line-height: 20px; text-transform: none; text-align: center; padding: 0; margin: 0;"">&copy;&nbsp; Dhirtek Business Research &amp; Consulting Pvt. Ltd. | Office No. 207, 2nd Floor, Navrang Plaza, Sapna Sangeeta Road, Indore, MP, India, 452001</p>
</td>
</tr>
<tr>
<td class=""footerLinks"" style=""padding: 0px 10px 20px;"" align=""center"" valign=""top"">
<p class=""text"" style=""color: #bbb; font-family: 'Open Sans',Helvetica,Arial,sans-serif; font-size: 12px; font-weight: 400; font-style: normal; letter-spacing: normal; line-height: 20px; text-transform: none; text-align: center; padding: 0; margin: 0;""><a style=""color: #bbb; text-decoration: underline;"" href=""mailto:sales@dhirtekbusinessresearch.com?subject = Feedback&amp;body = Message"" target=""_blank"">Email Preferences </a>&nbsp;|&nbsp; <a style=""color: #bbb; text-decoration: underline;"" href=""https://www.dhirtekbusinessresearch.com/privacy-policy"" target=""_blank"">Privacy Policy</a></p>
</td>
</tr>
<tr>
<td class=""footerEmailInfo"" style=""padding: 0px 10px 10px;"" align=""center"" valign=""top"">
<p class=""text"" style=""color: #bbb; font-family: 'Open Sans',Helvetica,Arial,sans-serif; font-size: 12px; font-weight: 400; font-style: normal; letter-spacing: normal; line-height: 20px; text-transform: none; text-align: center; padding: 0; margin: 0;"">If you have any questions please contact us <a style=""color: #bbb; text-decoration: underline;"" href=""mailto:sales@dhirtekbusinessresearch.com?subject = Feedback&amp;body = Message"" target=""_blank""> sales@dhirtekbusinessresearch.com </a></p>
</td>
</tr>
<tr>
<td style=""font-size: 1px; line-height: 1px;"" height=""30"">&nbsp;</td>
</tr>
</tbody>
</table>
</td>
</tr>
<tr>
<td style=""font-size: 1px; line-height: 1px;"" height=""30"">&nbsp;</td>
</tr>
</tbody>
</table>
</td>
</tr>
</tbody>
</table>",C:\\Users\\NandaKumarGR\\PycharmProjects\\v\\emailer\\attachments,parmeet@dhirtekbusinessresearch.com,O*K}v[&&W=O;
